,Vendor_Title,Zoominfo_Title,Actual_Title
41,SOFTWARE ENGINEER II,SENIOR SOFTWARE ENGINEER,SOFTWARE ENGINEER II
57,REAL ESTATE BROKER,MANAGER,REAL ESTATE BROKER
58,"DIRECTOR, RISK ANALYTICS, FRTB IMPLEMENTATION","FRTB IMPLEMENTATION DIRECTOR, RISK ANALYTICS","DIRECTOR, RISK ANALYTICS, FRTB IMPLEMENTATION"
102,BIG DATA ENGINEER,DATA ENGINEER & SENIOR ANALYST,BIG DATA ENGINEER
118,ACQUISITIONS ASSOCIATE,"VICE PRESIDENT, INVESTOR RELATIONS",ACQUISITIONS ASSOCIATE
131,GENERAL MANAGER,SERVICE REPRESENTATIVE,GENERAL MANAGER
152,SOFTWARE DEVELOPMENT ENGINEER III,SOFTWARE DEVELOPMENT ENGINEER,SOFTWARE DEVELOPMENT ENGINEER III
168,"CHIEF TECHNOLOGIST, EMBEDDED DRAM",EMBEDDED DRAM CHIEF TECHNOLOGIST,"CHIEF TECHNOLOGIST, EMBEDDED DRAM"
171,TREASURY ANALYST,DEPOSITS & CONSUMER STRATEGY SENIOR ANALYST,TREASURY ANALYST
172,SENIOR SOFTWARE ENGINEER,STAFF ENGINEER,SENIOR SOFTWARE ENGINEER
173,TECHNICAL DIRECTOR,"DIRECTOR, VIDEO",TECHNICAL DIRECTOR
178,SENIOR SCIENTIST,SENIOR SCIENTIST & GROUP LEADER,SENIOR SCIENTIST
188,FRONT OFFICE COORDINATOR,"MANAGER, EXTERNAL RELATIONS",FRONT OFFICE COORDINATOR
247,FORTIVE BUSINESS SYSTEMS LEADER,FBSL,FORTIVE BUSINESS SYSTEMS LEADER
255,BIW KBE ENGINEER,DESIGN INTEGRITY BIW CLOSURES ENGINEER,BIW KBE ENGINEER
277,PREMIER NEW CLIENT SPECIALIST,BUSINESS SOLUTIONS REPRESENTATIVE,PREMIER NEW CLIENT SPECIALIST
285,FACILITIES SPECIALIST,FACILITIES COORDINATOR,FACILITIES SPECIALIST
306,PROJECT LEADER,PROJECT MANAGER,PROJECT LEADER
343,"SENIOR MANAGER, SYSTEMS ENGINEERING","INTEGRATION ENGINEERING RAIL & CRITICAL INFRASTRUCTURE SENIOR MANAGER, SECURITY","SENIOR MANAGER, SYSTEMS ENGINEERING"
382,ASSOCIATE DATA SCIENTIST,DATA SCIENTIST,ASSOCIATE DATA SCIENTIST
407,SENIOR FINANCE MANAGER,SENIOR DIRECTOR,SENIOR FINANCE MANAGER
408,CORPORATE SECRETARY,CLERICAL,CORPORATE SECRETARY
413,PROJECT COORDINATOR,PRO TRAINER,PROJECT COORDINATOR
421,ACCOUNTING ASSISTANT II,ACCOUNTING ASSISTANT III,ACCOUNTING ASSISTANT II
427,SIMULATION ENGINEER,INDUSTRIAL ENGINEERING (SYSTEMS ANALYSIS AND OPERATIONS RESEARCH),SIMULATION ENGINEER
432,SOFTWARE DEVELOPER,DATA SCIENTIST,SOFTWARE DEVELOPER
438,ENVIRONMENTAL HEALTH SAFETY SPECIALIST,SENIOR HARDWARE ENGINEER,ENVIRONMENTAL HEALTH SAFETY SPECIALIST
439,REAL ESTATE AGENT,REALTOR,REAL ESTATE AGENT
509,"SENIOR MANAGER, JOC EVENTS",DIRECTOR,"SENIOR MANAGER, JOC EVENTS"
512,SOFTWARE QUALITY ASSURANCE ENGINEER,RAN TECHNICAL SUPPORT ENGINEER,SOFTWARE QUALITY ASSURANCE ENGINEER
515,SENIOR BUSINESS SYSTEM ANALYST,SENIOR INFORMATION SYSTEMS ADMINISTRATOR,SENIOR BUSINESS SYSTEM ANALYST
551,DATA ANALYST,SAS DEVELOPER,DATA ANALYST
554,CLIENT PARTNERSHIPS DEVELOPMENT ASSOCIATE,ASSOCIATE DECISION SCIENTIST,CLIENT PARTNERSHIPS DEVELOPMENT ASSOCIATE
557,SENIOR SOFTWARE ENGINEER,SOFTWARE ENGINEER,SENIOR SOFTWARE ENGINEER
581,NETWORK ADMINISTRATOR,RESPIRATORY CARE PRACTITIONER LEAD,NETWORK ADMINISTRATOR
625,SOFTWARE DEVELOPER,SENIOR TECHNICAL CONSULTANT,SOFTWARE DEVELOPER
628,MARKETING ASSISTANT,MARKETING COORDINATOR,MARKETING ASSISTANT
633,MARKETING COPYWRITER,"MANAGER, COPY",MARKETING COPYWRITER
653,BRIDGE MAINTENANCE ENGINEER,REGIONAL DIRECTOR,BRIDGE MAINTENANCE ENGINEER
668,BUSINESS DEVELOPMENT RECRUITER,BUSINESS OPERATIONS ANALYST,BUSINESS DEVELOPMENT RECRUITER
691,SOLUTION ARCHITECT,SOFTWARE ARCHITECT,SOLUTION ARCHITECT
711,DEVELOPMENT PROGRAMMER,LEAD SOFTWARE DEVELOPER,DEVELOPMENT PROGRAMMER
729,ACCOUNT EXECUTIVE,"CCC, PROVIDER SERVICES",ACCOUNT EXECUTIVE
746,SOFTWARE IMPLEMENTATION SPECIALIST,BUSINESS SYSTEMS ANALYST,SOFTWARE IMPLEMENTATION SPECIALIST
751,PRODUCT MANAGER,PRODUCT AT TWO SIGMA,PRODUCT MANAGER
762,ADVANCED CUSTOMER ACCOUNTING ASSOCIATE,BUSINESS TRANSMISSION PROJECT MANAGEMENT CONTROLS TECHNICIAN,ADVANCED CUSTOMER ACCOUNTING ASSOCIATE
805,PRODUCT VACCINES LEAD,PRODUCT LEAD,PRODUCT VACCINES LEAD
810,JUNIOR OPTIMIZATION ENGINEER,OPTIMIZATION ENGINEER,JUNIOR OPTIMIZATION ENGINEER
837,INFORMATION SECURITY ANALYST,SENIOR IT SECURITY ANALYST & EPIC SECURITY COORDINATOR,INFORMATION SECURITY ANALYST
869,PRODUCT MANAGER,SENIOR PRODUCT MANAGER,PRODUCT MANAGER
876,"SENIOR CONSTRUCTION, PE, QSP, QSD ENGINEER",SENIOR CONSTRUCTION ENGINEER,"SENIOR CONSTRUCTION, PE, QSP, QSD ENGINEER"
903,MARKETING MANAGER,"MANAGER, MARKETING",MARKETING MANAGER
913,SALES REPRESENTATIVE,"SALES MANAGER, PA, NJ & DE",SALES REPRESENTATIVE
933,LEAD AUDITOR,"MANAGER, AUDIT",LEAD AUDITOR
947,SENIOR SYSTEMS ANALYST,APPLICATION DEVELOPMENT SPECIALISTLVL5,SENIOR SYSTEMS ANALYST
954,"REGIONAL SALES DIRECTOR, SOUTHWEST",REGIONAL SALES DIRECTOR,"REGIONAL SALES DIRECTOR, SOUTHWEST"
1004,PAYROLL ADMINISTRATOR,CONTROLLER,PAYROLL ADMINISTRATOR
1021,SENIOR NETWORK SOFTWARE SPECIALIST,NETWORK STRATEGIC PLANNING,SENIOR NETWORK SOFTWARE SPECIALIST
1052,SENIOR ENGINEER,LEAD AEROSPACE ENGINEER,SENIOR ENGINEER
1072,MARKETING SPECIALIST,BUSINESS ANALYST,MARKETING SPECIALIST
1121,HUMAN RESOURCES REPRESENTATIVE,HR REPRESENTATIVE,HUMAN RESOURCES REPRESENTATIVE
1139,"VICE PRESIDENT, SOLUTION ENGINEERING","VICE PRESIDENT, COMMUNITY & PARTNER ENGINEERING","VICE PRESIDENT, SOLUTION ENGINEERING"
1207,PROJECT COORDINATOR,PRODUCTION COORDINATOR,PROJECT COORDINATOR
1217,ACCOUNT MANAGER,ACCOUNT MARKETING ANALYST,ACCOUNT MANAGER
1246,ENGINEERING TECHNICIAN II,PROJECT ENGINEER,ENGINEERING TECHNICIAN II
1272,SALES ASSOCIATE,GRADUATE,SALES ASSOCIATE
1288,INFORMATION SYSTEMS SECURITY OFFICER,INFORMATION TECHNOLOGY SECURITY OPERATIONS,INFORMATION SYSTEMS SECURITY OFFICER
1290,SENIOR SOFTWARE ENGINEER,SENIOR DEVELOPER,SENIOR SOFTWARE ENGINEER
1348,TAX SUPERVISOR,"SUPERVISOR, TAX",TAX SUPERVISOR
1389,AREA SALES DIRECTOR,PERI-OP AREA SALES DIRECTOR,AREA SALES DIRECTOR
1390,SECURITY ENGINEER,OFFICE C,SECURITY ENGINEER
1413,CYBER SECURITY ASSESSMENT SPECIALIST,CYBERSECURITY ENGINEER,CYBER SECURITY ASSESSMENT SPECIALIST
1443,VIDEO TECHNICIAN,SENIOR VIDEO TECHNICIAN,VIDEO TECHNICIAN
1447,TECHNICAL SUPPORT,IT TECHNICIAN,TECHNICAL SUPPORT
1452,FIELD SERVICE REPRESENTATIVE,TERRITORY SALES MANAGER,FIELD SERVICE REPRESENTATIVE
1456,QA ANALYST,QUALITY ASSURANCE ANALYST,QA ANALYST
1468,HUMAN RESOURCES BUSINESS CONSULTANT,"PROGRAMS & PLANNING DIRECTOR, EMPLOYEE ENGAGEMENT",HUMAN RESOURCES BUSINESS CONSULTANT
1497,FULL DESK ACCOUNT EXECUTIVE,RECRUTING ACCOUNT EXECUTIVE,FULL DESK ACCOUNT EXECUTIVE
1506,PROJECT ENGINEER,2 PROJECT ENGINEER,PROJECT ENGINEER
1532,EXECUTIVE SECRETARY,"SECRETARY, IUPUI POLICE",EXECUTIVE SECRETARY
1560,ACCOUNTS PAYABLE CLERK,ACCOUNTING CLERK,ACCOUNTS PAYABLE CLERK
1564,SENIOR HUB SERVICES ANALYST,"MANAGER, HUB SERVICES",SENIOR HUB SERVICES ANALYST
1630,BRAND MANAGER,"ASSOCIATE DIRECTOR, MARKETING",BRAND MANAGER
1643,CUSTOMER SERVICE ASSOCIATE,ADMIN PROJECT COORDINATOR I,CUSTOMER SERVICE ASSOCIATE
1684,ASSOCIATE SYSTEM ADMINISTRATOR,ASSOCIATE SYSTEMS ADMINISTRATOR,ASSOCIATE SYSTEM ADMINISTRATOR
1687,PROGRAMMER,FACULTY-RESPIRATORY CARE PROGRAM,PROGRAMMER
1712,CHIEF TECHNOLOGY OFFICER,FULL-STACK DEVELOPER,CHIEF TECHNOLOGY OFFICER
1728,ENGINEERING ADMINISTRATOR,COST ESTIMATING ENGINEER,ENGINEERING ADMINISTRATOR
1731,GULF COAST REGIONAL SALES MANAGER,"REGIONAL SALES MANAGER, GULF COAST",GULF COAST REGIONAL SALES MANAGER
1736,SHAREPOINT DEVELOPER,"ASSOCIATE DIRECTOR, INFORMATION TECHNOLOGY",SHAREPOINT DEVELOPER
1744,OPERATIONS LEADER,RETAIL ANALYST,OPERATIONS LEADER
1750,SENIOR SOFTWARE ENGINEER,SENIOR EMBEDDED SYSTEMS ENGINEER,SENIOR SOFTWARE ENGINEER
1759,PRIVATE EQUITY - SENIOR FINANCIAL OPERATIONS ANALYST,PRIVATE EQUITY SENIOR FINANCIAL OPERATIONS ANALYST,PRIVATE EQUITY - SENIOR FINANCIAL OPERATIONS ANALYST
1763,SENIOR QA ENGINEER,SENIOR QUALITY ASSURANCE ENGINEER,SENIOR QA ENGINEER
1773,SOLUTIONS ENGINEER,SOLUTIONS ARCHITECT,SOLUTIONS ENGINEER
1810,SOFTWARE ENGINEER,TECHNOLOGY LEAD SENIOR SOFTWARE ENGINEER,SOFTWARE ENGINEER
1825,TECHNICAL ANALYST,SENIOR TECHNICAL ANALYST,TECHNICAL ANALYST
1835,"DIRECTOR, TECHNOLOGY SOLUTIONS","DIRECTOR, SPECIALIZED SERVICES","DIRECTOR, TECHNOLOGY SOLUTIONS"
1838,SENIOR SYSTEMS ENGINEER,SOFTWARE ENGINEER,SENIOR SYSTEMS ENGINEER
1840,CONTROLLER,"MANAGER, ACCOUNTING",CONTROLLER
1842,SERVICE DESK TRAINING SPECIALIST,IT SERVICE DESK TRAINING SPECIALIST,SERVICE DESK TRAINING SPECIALIST
1848,JAVA DEVELOPER,CRM SOFTWARE ENGINEER,JAVA DEVELOPER
1864,"DIRECTOR, ORGANIZATIONAL EFFECTIVENESS",NURSE SUPERVISOR,"DIRECTOR, ORGANIZATIONAL EFFECTIVENESS"
1885,DATA QUALITY ANALYST,STORE IMPLEMENTATION SPECIALIST,DATA QUALITY ANALYST
1930,DIAGNOSTIC ENGINEER,OBD ENGINEER,DIAGNOSTIC ENGINEER
1933,CIVIL ENGINEER,PROJECT MANAGER,CIVIL ENGINEER
1939,CAD DESIGNER,TEST ENGINEER,CAD DESIGNER
1990,EMPLOYMENT SPECIALIST,CAREER ADVISOR,EMPLOYMENT SPECIALIST
1991,ASSISTANT BUYER,SENIOR FINANCIAL ANALYST,ASSISTANT BUYER
2025,APPLICATION ANALYST,DATABASE ADMISTRATOR,APPLICATION ANALYST
2060,REGIONAL SALES MANAGER,WESTERN REGIONAL SALES MANAGER,REGIONAL SALES MANAGER
2076,DATA SCIENTIST,COMPUTER VISION SCIENTIST,DATA SCIENTIST
2104,PRODUCT DIRECTOR,"PRODUCT DIRECTOR, PLATFORMS",PRODUCT DIRECTOR
2137,DESK SERVICES COORDINATOR,SENIOR,DESK SERVICES COORDINATOR
2155,TALENT ACQUISITION PARTNER,DIVISIONAL FIELD TALENT ACQUISTION PARTNER,TALENT ACQUISITION PARTNER
2157,SYSTEM ARCHITECT,SYSTEMS ARCHITECT,SYSTEM ARCHITECT
2168,CCC TECHNICAL SPECIALIST,SECURITY TECHNOLOGY ANALYST,CCC TECHNICAL SPECIALIST
2176,SENIOR SOFTWARE ENGINEER,SENIOR TECHNOLOGY LEAD,SENIOR SOFTWARE ENGINEER
2196,IT ASSISTANT,INFORMATION TECHNOLOGY ASSISTANT,IT ASSISTANT
2199,"MANAGER, COMMUNICATIONS SYSTEMS ENGINEERING",COMMUNICATIONS SYSTEMS ENGINEERING & MANAGER,"MANAGER, COMMUNICATIONS SYSTEMS ENGINEERING"
2231,PRICING SUPPORT SPECIALIST,PRICING SUPPORT,PRICING SUPPORT SPECIALIST
2279,CORPORATE RECRUITER,"ADVANCED, HUMAN RESOURCES TALENT ACQUISITION SPECIALIST",CORPORATE RECRUITER
2285,ACCOUNTING ASSISTANT,SENIOR ACCOUNTING ASSISTANT,ACCOUNTING ASSISTANT
2289,PATENT ATTORNEY,ASSOCIATE,PATENT ATTORNEY
2305,ASSISTANT ACCOUNT MANAGER,"MANAGER, ECOMMERCE",ASSISTANT ACCOUNT MANAGER
2370,SOFTWARE TEST ENGINEER II,SOFTWARE TEST ENGINEER,SOFTWARE TEST ENGINEER II
2422,REAL ESTATE AGENT,"MANAGER, PROPERTY",REAL ESTATE AGENT
2472,LITIGATION PARALEGAL,PARALEGAL,LITIGATION PARALEGAL
2481,DIGITAL MARKETING ANALYST,MORE STRATEGIC THINKER,DIGITAL MARKETING ANALYST
2519,JUNIOR DEVELOPER,"ASSOCIATE DIRECTOR, TECHNOLOGY",JUNIOR DEVELOPER
2525,CHIEF ARCHITECT,"VICE PRESIDENT, PRODUCT MANAGEMENT",CHIEF ARCHITECT
2545,UI/UX DESIGNER,UI & UX DESIGNER,UI/UX DESIGNER
2573,LEGAL SECRETARY,LEGAL ASSISTANT,LEGAL SECRETARY
2618,INTERNAL AUDITOR,SENIOR REVERIFIER,INTERNAL AUDITOR
2632,SENIOR RECRUITING COORDINATOR,RECRUITING COORDINATOR III,SENIOR RECRUITING COORDINATOR
2641,SENIOR SOFTWARE ENGINEER,DEVOPS ENGINEER,SENIOR SOFTWARE ENGINEER
2649,ACCOUNT EXECUTIVE,ADVERTISING ACCOUNT EXECUTIVE,ACCOUNT EXECUTIVE
2664,TECHNICAL PROJECT MANAGER,ACCOUNT EXECUTIVE,TECHNICAL PROJECT MANAGER
2687,CREDIT ANALYST,PORTFOLIO MANAGER,CREDIT ANALYST
2729,QUALITY ASSURANCE TECHNICIAN,TEAM LEAD QA TECHNICIAN,QUALITY ASSURANCE TECHNICIAN
2745,PROGRAM ASSISTANT I,HEAD GIRLS VARSITY SOCCER COACH,PROGRAM ASSISTANT I
2773,ELECTRICAL ENGINEERING TECHNICIAN,CONTROLS ENGINEER,ELECTRICAL ENGINEERING TECHNICIAN
2774,AP ACCOUNTING CLERK,AP ACCOUNTING CLERK III,AP ACCOUNTING CLERK
2803,MARKETING ASSISTANT,OPERATIONS SPECIALIST,MARKETING ASSISTANT
2807,"MANAGER, PACKAGING ENGINEERING","ENGINEERING MANAGER, PACKAGING","MANAGER, PACKAGING ENGINEERING"
2819,OUTBOUND OPERATIONS SUPERVISOR,"SUPERVISOR, OUTBOUND OPERATIONS",OUTBOUND OPERATIONS SUPERVISOR
2826,SENIOR UNIFIED COMMUNICATIONS ENGINEER,SENIOR NETWORK ENGINEER,SENIOR UNIFIED COMMUNICATIONS ENGINEER
2830,SENIOR SOFTWARE ENGINEER,SOFTWARE ENGINEER,SENIOR SOFTWARE ENGINEER
2840,TRAINER,"SENIOR MANAGER, CURRICULUM & SYSTEMS TECHNOLOGY",TRAINER
2919,SENIOR SALES ANALYTICS SPECIALIST,"SUPERVISOR, SALES ANALYTICS",SENIOR SALES ANALYTICS SPECIALIST
2938,PROJECT ARCHITECT,SENIOR PROJECT ARCHITECT,PROJECT ARCHITECT
2946,PROCUREMENT SPECIALIST,ACQUISITION AND CONTRACTING SERVICE DIVISION,PROCUREMENT SPECIALIST
3065,"SENIOR INTERNAL AUDITOR, TALENT MANAGEMENT",TALENT MANAGEMENT SENIOR INTERNAL AUDITOR,"SENIOR INTERNAL AUDITOR, TALENT MANAGEMENT"
3137,CNOC DATA TECHNICIAN,DESK TECH,CNOC DATA TECHNICIAN
3142,USER EXPERIENCE RESEARCHER,RESEARCHER AND STYLIST,USER EXPERIENCE RESEARCHER
3161,SIEBEL INTEGRATION DEVELOPER,DEVELOPER,SIEBEL INTEGRATION DEVELOPER
3195,ACCOUNTS RECEIVABLE SPECIALIST,"DIRECTOR, FINANCIAL AID",ACCOUNTS RECEIVABLE SPECIALIST
3203,CONTROLLER,MANUFACTURING PROCESS PLANER,CONTROLLER
3220,OFFICE ADMINISTRATOR,STAFF ANALYST,OFFICE ADMINISTRATOR
3254,ACCOUNT SERVICE REPRESENTATIVE,ACCOUNT SERVICE 3 REPRESENTATIVE,ACCOUNT SERVICE REPRESENTATIVE
3280,OPERATIONS MANAGER,"DIRECTOR, PRODUCTION DI (SOUTH)",OPERATIONS MANAGER
3289,ASSOCIATE DIGITAL MARKETING MANAGER,DIGITAL MARKETING ASSOCIATE & MANAGER,ASSOCIATE DIGITAL MARKETING MANAGER
3314,SUPPORT TECHNICIAN,ANALYST,SUPPORT TECHNICIAN
3318,CAPITAL MARKETS SPECIALIST,FIXED INCOME STRATEGY ANALYST,CAPITAL MARKETS SPECIALIST
3321,SOFTWARE DEVELOPER,SOFTWARE DEVELOPMENT SPECIALIST,SOFTWARE DEVELOPER
3345,RESEARCH FELLOW,POST DOC,RESEARCH FELLOW
3347,OPERATIONS CLERK II,OPERATIONS ADMINISTRATOR II,OPERATIONS CLERK II
3369,ACCOUNT ASSOCIATE,ACCOUNT EXECUTIVE,ACCOUNT ASSOCIATE
3380,QA AUTOMATION ENGINEER,QUALITY ASSURANCE AUTOMATION ENGINEER,QA AUTOMATION ENGINEER
3385,PROJECT LEADER,SUBSTATION PROJECT ENGINEER,PROJECT LEADER
3396,FIELD SERVICES ENGINEER,ASSOCIATE PROJECT MANAGER,FIELD SERVICES ENGINEER
3426,ELECTRO HYDRAULIC SUBSEA FIELD ENGINEER,SENIOR SUBSEA FIELD ENGINEER,ELECTRO HYDRAULIC SUBSEA FIELD ENGINEER
3458,COMPLIANCE OFFICER,"MANAGER, COMPLIANCE",COMPLIANCE OFFICER
3507,"MANAGER, MEDICAL CLAIMS, EDI, HIPAA","MANAGER, TECHNOLOGY","MANAGER, MEDICAL CLAIMS, EDI, HIPAA"
3509,CO-OWNER,BUSINESS OWNER,CO-OWNER
3517,EPIC CLINICAL ANALYST,APP ANALYST AND DEVELOPER ASSOCIATE,EPIC CLINICAL ANALYST
3546,BUSINESS ANALYST,"MHI - SENIOR ANALYST, PROVIDER CONFIGURA",BUSINESS ANALYST
3593,GENERAL SALES MANAGER,ASSISTANT GENERAL MANAGER,GENERAL SALES MANAGER
3612,SOFTWARE DEVELOPER,SOFTWARE ENGINEER,SOFTWARE DEVELOPER
3614,RESEARCH ENGINEER,RESEARCH ENGINEER II,RESEARCH ENGINEER
3652,PROCUREMENT AGENT,INTERN,PROCUREMENT AGENT
3659,SOFTWARE ENGINEER,APPLICATION DEVELOPER,SOFTWARE ENGINEER
3673,INTERACTIVE SOFTWARE DESIGNER,SENIOR ILLUSTRATOR,INTERACTIVE SOFTWARE DESIGNER
3687,SENIOR GAS ENGINEER,SUPERVISOR,SENIOR GAS ENGINEER
3692,HR SPECIALIST,SENIOR BENEFITS SPECIALIST,HR SPECIALIST
3699,CREDIT ANALYST,LOAN OFFICER,CREDIT ANALYST
3738,REAL ESTATE AGENT,"TEAM LEADER, AGENT",REAL ESTATE AGENT
3755,REGIONAL SALES MANAGER,"BUSINESS MANAGER, PRODUCTION",REGIONAL SALES MANAGER
3800,CREDIT ASSISTANT,ADMINISTRATOR,CREDIT ASSISTANT
3805,REGIONAL SALES MANAGER,DIVISIONAL SALES MANAGER,REGIONAL SALES MANAGER
3820,SENIOR PRODUCT DESIGN ENGINEER,BOARD DIRECTOR,SENIOR PRODUCT DESIGN ENGINEER
3824,SENIOR SALES EXECUTIVE,SALES,SENIOR SALES EXECUTIVE
3832,PROGRAMMER,PROGRAM SPECIALIST,PROGRAMMER
3834,MEDIA COORDINATOR,MATH TEACHER,MEDIA COORDINATOR
3898,APPLICATION SUPPORT ENGINEER,LEAD TECHNICAL ANALYST,APPLICATION SUPPORT ENGINEER
3948,CHIEF EXECUTIVE OFFICER,RECRUITER,CHIEF EXECUTIVE OFFICER
3951,MARKETING MANAGER,"MANAGER, MARKETING",MARKETING MANAGER
3982,PETROLEUM ENGINEER,DRILLING ENGINEER,PETROLEUM ENGINEER
3990,"PROJECT MANAGER, IT BUSINESS ANALYSIS",IT-SEASONAL,"PROJECT MANAGER, IT BUSINESS ANALYSIS"
3992,COMMUNICATIONS SPECIALIST,DIGITAL DESIGNER,COMMUNICATIONS SPECIALIST
3994,PRODUCT MANAGER,OPERATIONS PRODUCT LEADER,PRODUCT MANAGER
4019,WATER QUALITY MANAGEMENT SPECIALIST,ENVIRONMENTAL SPECIALIST,WATER QUALITY MANAGEMENT SPECIALIST
4040,SYSTEMS STAFF ENGINEER,STAFF SYSTEMS ENGINEER,SYSTEMS STAFF ENGINEER
4065,FIELD CONSTRUCTION COORDINATOR,SUBSTATION ENGINEER,FIELD CONSTRUCTION COORDINATOR
4076,DISTRICT SALES MANAGER,"DISTRICT MANAGER, SPECIALTY BUSINESS, NEUROSCIENCE",DISTRICT SALES MANAGER
4089,SENIOR BUSINESS SYSTEMS SECURITY ANALYST,FUNCTIONAL ANALYST,SENIOR BUSINESS SYSTEMS SECURITY ANALYST
4132,TEACHER,SPECIAL EDUCATION TEACHER,TEACHER
4146,SOFTWARE DEVELOPER,DEVELOPER 2,SOFTWARE DEVELOPER
4235,DATA ARCHITECT,DATA ANALYST,DATA ARCHITECT
4239,SENIOR SUPPORT CENTER TECHNOLOGY SPECIALIST,INFORMATION TECHNOLOGY SERVICES,SENIOR SUPPORT CENTER TECHNOLOGY SPECIALIST
4258,SERVICE REPRESENTATIVE,SENIOR ADMINISTRATIVE SUPPORT SPECIALIST,SERVICE REPRESENTATIVE
4321,CONTRACT SPECIALIST II,CONTRACT SPECIALIST,CONTRACT SPECIALIST II
4340,CPO SALES ASSOCIATE,SALES,CPO SALES ASSOCIATE
4349,MISSION ASSURANCE ENGINEER,ENGINEER,MISSION ASSURANCE ENGINEER
4365,INSIDE SALES EXECUTIVE,ACCOUNT EXECUTIVE,INSIDE SALES EXECUTIVE
4374,SYSTEM LEVEL PRODUCT ENGINEER,PRODUCT ENGINEER,SYSTEM LEVEL PRODUCT ENGINEER
4386,DISTANCE LEARNING COORDINATOR,ADMINISTRATIVE ASSISTANT,DISTANCE LEARNING COORDINATOR
4392,SENIOR SYSTEM ANALYST,IT APP ENGINEER,SENIOR SYSTEM ANALYST
4412,OPERATIONS ANALYST,"TEAM LEAD, QUALITY ASSURANCE",OPERATIONS ANALYST
4423,PROGRAMMER,INFORMATION DESK ATTENDENT,PROGRAMMER
4472,"ASSOCIATE MANAGER, PRODUCT MARKETING",PRODUCT MARKETING ASSOCIATE & MANAGER,"ASSOCIATE MANAGER, PRODUCT MARKETING"
4502,CLINICAL RESEARCH FELLOW,PHYSICIAN,CLINICAL RESEARCH FELLOW
4525,"SUPERVISOR, INFORMATION TECHNOLOGY",INFORMATION TECHNOLOGY,"SUPERVISOR, INFORMATION TECHNOLOGY"
4532,INFORMATION SECURITY COMPLIANCE ANALYST,"ASSESSMENT SERVICES DIRECTOR, RISK",INFORMATION SECURITY COMPLIANCE ANALYST
4557,OUTSIDE SALES REPRESENTATIVE,SALES ASSOCIATE,OUTSIDE SALES REPRESENTATIVE
4563,SALES REPRESENTATIVE,SENIOR SALES REPRESENTATIVE,SALES REPRESENTATIVE
4604,OFFICE ENGINEER,FIELD ENGINEER,OFFICE ENGINEER
4608,PRODUCT DELIVERY MANAGER,QUALITY ASSURANCE MANAGER,PRODUCT DELIVERY MANAGER
4613,SALES REPRESENTATIVE,ACCOUNT EXECUTIVE,SALES REPRESENTATIVE
4635,SENIOR BUSINESS ANALYST,SENIOR INFORMATION SYSTEMS BUSINESS ANALYST,SENIOR BUSINESS ANALYST
4672,SOLUTIONS ANALYST,SOLUTIONS CONSULTANT,SOLUTIONS ANALYST
4703,SENIOR INTERNAL AUDITOR,PROJECT MANAGER,SENIOR INTERNAL AUDITOR
4726,CUSTOMER SUCCESS MANAGER,"MANAGER, CUSTOMER SUCCESS",CUSTOMER SUCCESS MANAGER
4766,SENIOR PROJECT DESIGNER,HOSPITALITY DESIGN LEAD,SENIOR PROJECT DESIGNER
4778,SOFTWARE DEVELOPER,ANDROID DEVELOPER,SOFTWARE DEVELOPER
4906,SOFTWARE ENGINEER,SOFTWARE DEVELOPER,SOFTWARE ENGINEER
4913,STRATEGIC ACCOUNT MANAGER,"MANAGER, STRATEGIC ACCOUNTS",STRATEGIC ACCOUNT MANAGER
4917,SYSTEMS ADMINISTRATOR,REFERENCE LIBRARIAN,SYSTEMS ADMINISTRATOR
4919,SCHOOL TECHNOLOGY COORDINATOR,TEACHER,SCHOOL TECHNOLOGY COORDINATOR
4920,"VICE PRESIDENT, CREATIVE",VICE PRESIDENT,"VICE PRESIDENT, CREATIVE"
4926,ACCOUNT EXECUTIVE,"ACCOUNT MANAGER, PERSONAL",ACCOUNT EXECUTIVE
4991,NETWORK ENGINEER,SENIOR SYSTEMS ENGINEER,NETWORK ENGINEER
4993,OPERATIONS MANAGER,"MANAGER, OPERATIONS",OPERATIONS MANAGER
4995,OPERATIONS COORDINATOR,DEPARTMENT ADMIN AND LAB TECH MANAGER,OPERATIONS COORDINATOR
5003,REAL ESTATE AGENT,REAL ESTATE BROKER & ASSOCIATE,REAL ESTATE AGENT
